{
  "project_info": {
    "project_number": "589345366784",
    "firebase_url": "https://withdocs-98fca.firebaseio.com",
    "project_id": "withdocs-98fca",
    "storage_bucket": "withdocs-98fca.appspot.com"
  },
  "client": [
    {
      "client_info": {
        "mobilesdk_app_id": "1:589345366784:android:2993da3373be5b94f189e5",
        "android_client_info": {
          "package_name": "com.example.with_docs"
        }
      },
      "oauth_client": [
        {
          "client_id": "589345366784-g0p4uu2egjk9nl536b0p9eu3tqs3f770.apps.googleusercontent.com",
          "client_type": 3
        }
      ],
      "api_key": [
        {
          "current_key": "AIzaSyAoUBYkyjoRQD2CYK-qk7vhhW282JNYW3o"
        }
      ],
      "services": {
        "appinvite_service": {
          "other_platform_oauth_client": [
            {
              "client_id": "589345366784-g0p4uu2egjk9nl536b0p9eu3tqs3f770.apps.googleusercontent.com",
              "client_type": 3
            }
          ]
        }
      }
    }
  ],
  "configuration_version": "1"
}